<x:xmpmeta tsc:version="2.0.1" xmlns:x="adobe:ns:meta/" xmlns:tsc="http://www.techsmith.com/xmp/tsc/">
   <rdf:RDF xmlns:rdf="http://www.w3.org/1999/02/22-rdf-syntax-ns#" xmlns:xmp="http://ns.adobe.com/xap/1.0/" xmlns:xmpDM="http://ns.adobe.com/xmp/1.0/DynamicMedia/" xmlns:xmpG="http://ns.adobe.com/xap/1.0/g/" xmlns:xmpMM="http://ns.adobe.com/xap/1.0/mm/" xmlns:tscDM="http://www.techsmith.com/xmp/tscDM/" xmlns:tscIQ="http://www.techsmith.com/xmp/tscIQ/" xmlns:tscHS="http://www.techsmith.com/xmp/tscHS/" xmlns:stDim="http://ns.adobe.com/xap/1.0/sType/Dimensions#" xmlns:stFnt="http://ns.adobe.com/xap/1.0/sType/Font#" xmlns:exif="http://ns.adobe.com/exif/1.0" xmlns:dc="http://purl.org/dc/elements/1.1/">
      <rdf:Description dc:date="2024-12-16 10:54:41 PM" dc:source="Camtasia,9.0.4,enu" dc:title="module27_4" tscDM:firstFrame="module27_4_First_Frame.png" tscDM:originId="67823403-5526-4B23-8647-20BF45EAEF59" tscDM:project="module27_4">
         <xmpDM:duration xmpDM:scale="1/1000" xmpDM:value="302000"/>
         <xmpDM:videoFrameSize stDim:unit="pixel" stDim:h="904" stDim:w="1418"/>
         <tsc:langName>
            <rdf:Bag>
               <rdf:li xml:lang="en-US">English</rdf:li></rdf:Bag>
         </tsc:langName>
         <xmpDM:Tracks>
            <rdf:Bag>
               <rdf:li>
                  <rdf:Description xmpDM:trackType="Caption" xmpDM:frameRate="f1000" xmpDM:trackName="Captioning" stFnt:fontFamily="Arial" tscDM:fontSize="30" tscDM:bgOpacity="0.750000" tscDM:position="overlay">
                     <xmpDM:markers>
                        <rdf:Seq>
                           <rdf:li><rdf:Description xmpDM:duration="5000" xmpDM:startTime="0" tscDM:valign="bottom" tscDM:halign="center"><xmpDM:name><rdf:Alt><rdf:li xml:lang="en-US">{\rtf1 Trong bài thực hành này, bạn sẽ làm hai việc. Đầu tiên, bạn sẽ xác định mức độ suy \par nghĩ}</rdf:li></rdf:Alt></xmpDM:name></rdf:Description></rdf:li><rdf:li><rdf:Description xmpDM:duration="6000" xmpDM:startTime="5000" tscDM:valign="bottom" tscDM:halign="center"><xmpDM:name><rdf:Alt><rdf:li xml:lang="en-US">{\rtf1 mà học sinh phải đạt được dựa trên các yêu cầu của mục tiêu bài học. Sau đó, bạn \par có cơ hội}</rdf:li></rdf:Alt></xmpDM:name></rdf:Description></rdf:li><rdf:li><rdf:Description xmpDM:duration="5000" xmpDM:startTime="11000" tscDM:valign="bottom" tscDM:halign="center"><xmpDM:name><rdf:Alt><rdf:li xml:lang="en-US">{\rtf1 để xem xét một số câu hỏi mẫu để xác định câu hỏi nào sẽ hiệu quả nhất trong việc \par thúc đẩy}</rdf:li></rdf:Alt></xmpDM:name></rdf:Description></rdf:li><rdf:li><rdf:Description xmpDM:duration="6000" xmpDM:startTime="16000" tscDM:valign="bottom" tscDM:halign="center"><xmpDM:name><rdf:Alt><rdf:li xml:lang="en-US">{\rtf1 sinh viên hướng tới một mức độ tư duy nhất định. Bạn sẽ không tạo ra các câu hỏi \par từ đầu,}</rdf:li></rdf:Alt></xmpDM:name></rdf:Description></rdf:li><rdf:li><rdf:Description xmpDM:duration="4000" xmpDM:startTime="22000" tscDM:valign="bottom" tscDM:halign="center"><xmpDM:name><rdf:Alt><rdf:li xml:lang="en-US">{\rtf1 nhưng thực hành này sẽ giúp bạn hướng tới mục tiêu tạo ra những câu hỏi hiệu quả}</rdf:li></rdf:Alt></xmpDM:name></rdf:Description></rdf:li><rdf:li><rdf:Description xmpDM:duration="1000" xmpDM:startTime="26000" tscDM:valign="bottom" tscDM:halign="center"><xmpDM:name><rdf:Alt><rdf:li xml:lang="en-US">{\rtf1 của riêng bạn.}</rdf:li></rdf:Alt></xmpDM:name></rdf:Description></rdf:li><rdf:li><rdf:Description xmpDM:duration="11000" xmpDM:startTime="30000" tscDM:valign="bottom" tscDM:halign="center"><xmpDM:name><rdf:Alt><rdf:li xml:lang="en-US">{\rtf1 Sử dụng các nút để xem lại thông tin cơ bản về bài học này.}</rdf:li></rdf:Alt></xmpDM:name></rdf:Description></rdf:li><rdf:li><rdf:Description xmpDM:duration="22000" xmpDM:startTime="60000" tscDM:valign="bottom" tscDM:halign="center"><xmpDM:name><rdf:Alt><rdf:li xml:lang="en-US">{\rtf1 Sử dụng những gì bạn biết về phân loại học đã sửa đổi của Bloom, mức độ tư duy \par cao nhất là gì?}</rdf:li></rdf:Alt></xmpDM:name></rdf:Description></rdf:li><rdf:li><rdf:Description xmpDM:duration="20000" xmpDM:startTime="82000" tscDM:valign="bottom" tscDM:halign="center"><xmpDM:name><rdf:Alt><rdf:li xml:lang="en-US">{\rtf1 được yêu cầu bởi mục tiêu này? Câu hỏi nào sau đây sẽ tốt nhất}</rdf:li></rdf:Alt></xmpDM:name></rdf:Description></rdf:li><rdf:li><rdf:Description xmpDM:duration="5000" xmpDM:startTime="102000" tscDM:valign="bottom" tscDM:halign="center"><xmpDM:name><rdf:Alt><rdf:li xml:lang="en-US">{\rtf1 gợi ra suy nghĩ ở cấp độ phân tích? Hãy nhớ rằng, ở cấp độ phân tích, học sinh \par kiểm tra cách}</rdf:li></rdf:Alt></xmpDM:name></rdf:Description></rdf:li><rdf:li><rdf:Description xmpDM:duration="5000" xmpDM:startTime="107000" tscDM:valign="bottom" tscDM:halign="center"><xmpDM:name><rdf:Alt><rdf:li xml:lang="en-US">{\rtf1 các bộ phận của một tác phẩm liên quan đến nhau và với toàn bộ. Học sinh cũng có \par thể suy ra}</rdf:li></rdf:Alt></xmpDM:name></rdf:Description></rdf:li><rdf:li><rdf:Description xmpDM:duration="25000" xmpDM:startTime="112000" tscDM:valign="bottom" tscDM:halign="center"><xmpDM:name><rdf:Alt><rdf:li xml:lang="en-US">{\rtf1 những gì không được nêu rõ ràng.}</rdf:li></rdf:Alt></xmpDM:name></rdf:Description></rdf:li><rdf:li><rdf:Description xmpDM:duration="17000" xmpDM:startTime="137000" tscDM:valign="bottom" tscDM:halign="center"><xmpDM:name><rdf:Alt><rdf:li xml:lang="en-US">{\rtf1 Câu hỏi nào sau đây sẽ gợi ra tốt nhất}</rdf:li></rdf:Alt></xmpDM:name></rdf:Description></rdf:li><rdf:li><rdf:Description xmpDM:duration="20000" xmpDM:startTime="154000" tscDM:valign="bottom" tscDM:halign="center"><xmpDM:name><rdf:Alt><rdf:li xml:lang="en-US">{\rtf1 sử dụng những gì bạn biết về phân loại học đã sửa đổi của Bloom?}</rdf:li></rdf:Alt></xmpDM:name></rdf:Description></rdf:li><rdf:li><rdf:Description xmpDM:duration="3000" xmpDM:startTime="174000" tscDM:valign="bottom" tscDM:halign="center"><xmpDM:name><rdf:Alt><rdf:li xml:lang="en-US">{\rtf1 Sử dụng các nút để xem lại thông tin cơ bản về bài học này.}</rdf:li></rdf:Alt></xmpDM:name></rdf:Description></rdf:li><rdf:li><rdf:Description xmpDM:duration="13000" xmpDM:startTime="204000" tscDM:valign="bottom" tscDM:halign="center"><xmpDM:name><rdf:Alt><rdf:li xml:lang="en-US">{\rtf1 Sử dụng những gì bạn biết về phân loại học đã sửa đổi của Bloom, mức độ tư duy \par cao nhất là gì?}</rdf:li></rdf:Alt></xmpDM:name></rdf:Description></rdf:li><rdf:li><rdf:Description xmpDM:duration="19000" xmpDM:startTime="217000" tscDM:valign="bottom" tscDM:halign="center"><xmpDM:name><rdf:Alt><rdf:li xml:lang="en-US">{\rtf1 được yêu cầu bởi mục tiêu này? Câu hỏi nào sau đây sẽ tốt nhất}</rdf:li></rdf:Alt></xmpDM:name></rdf:Description></rdf:li><rdf:li><rdf:Description xmpDM:duration="5000" xmpDM:startTime="236000" tscDM:valign="bottom" tscDM:halign="center"><xmpDM:name><rdf:Alt><rdf:li xml:lang="en-US">{\rtf1 gợi ra suy nghĩ ở cấp độ sáng tạo? Hãy nhớ rằng, khi học sinh đang suy nghĩ ở \par cấp độ sáng tạo,}</rdf:li></rdf:Alt></xmpDM:name></rdf:Description></rdf:li><rdf:li><rdf:Description xmpDM:duration="28000" xmpDM:startTime="241000" tscDM:valign="bottom" tscDM:halign="center"><xmpDM:name><rdf:Alt><rdf:li xml:lang="en-US">{\rtf1 họ đang tổng hợp kiến ​​thức của mình và rất có thể đang tạo ra một ý tưởng, khái \par niệm hoặc sản phẩm mới.}</rdf:li></rdf:Alt></xmpDM:name></rdf:Description></rdf:li><rdf:li><rdf:Description xmpDM:duration="11000" xmpDM:startTime="269000" tscDM:valign="bottom" tscDM:halign="center"><xmpDM:name><rdf:Alt><rdf:li xml:lang="en-US">{\rtf1 Câu hỏi nào là công cụ hữu hiệu để khơi gợi những loại suy nghĩ khác nhau từ}</rdf:li></rdf:Alt></xmpDM:name></rdf:Description></rdf:li><rdf:li><rdf:Description xmpDM:duration="6000" xmpDM:startTime="280000" tscDM:valign="bottom" tscDM:halign="center"><xmpDM:name><rdf:Alt><rdf:li xml:lang="en-US">{\rtf1 sinh viên của chúng tôi. Hãy nhớ rằng, để tạo câu hỏi hiệu quả, bạn nên quen thuộc \par với Bloom}</rdf:li></rdf:Alt></xmpDM:name></rdf:Description></rdf:li><rdf:li><rdf:Description xmpDM:duration="6000" xmpDM:startTime="286000" tscDM:valign="bottom" tscDM:halign="center"><xmpDM:name><rdf:Alt><rdf:li xml:lang="en-US">{\rtf1 phân loại đã sửa đổi, xác định thời điểm nhắm mục tiêu vào một cấp độ nhận thức \par nhất định và xây dựng các câu hỏi của bạn}</rdf:li></rdf:Alt></xmpDM:name></rdf:Description></rdf:li><rdf:li><rdf:Description xmpDM:duration="10000" xmpDM:startTime="292000" tscDM:valign="bottom" tscDM:halign="center"><xmpDM:name><rdf:Alt><rdf:li xml:lang="en-US">{\rtf1 để thu hút tư duy của học sinh ở cấp độ đó.}</rdf:li></rdf:Alt></xmpDM:name></rdf:Description></rdf:li></rdf:Seq>
                     </xmpDM:markers>
                     <tsc:fgColor xmpG:red="255" xmpG:green="255" xmpG:blue="255"/><tsc:bgColor xmpG:red="0" xmpG:green="0" xmpG:blue="0"/></rdf:Description>
               </rdf:li>
               <rdf:li>
                  <rdf:Description xmpDM:trackType="Quiz" xmpDM:frameRate="f1000" xmpDM:trackName="Quiz" tscIQ:quizGuid="EC2765CB-0EB7-4EE8-95CB-E0E3D1F886F4" tscIQ:authoredEmail="bGVuaGhhYmFvdHJvbmdAZ21haWwuY29t" tscIQ:requireUserId="0" tscIQ:locale="en-US" tscIQ:reportMethod="APIANDSCORM" tscIQ:allowSkipQuiz="0" tscIQ:clientId="1CDF22D874AC443FBBB68075B4AE31CD" tscIQ:hideReplay="0" tscIQ:quizHash="ab6b25dd9ce8c3ac5daae52904e0dbfe">
                     <xmpDM:markers>
                        <rdf:Seq>
                           <rdf:li><rdf:Description xmpDM:startTime="116033" tscIQ:feedback="1" tscIQ:questionSetName="Quiz 1"><tscIQ:questions><rdf:Seq><rdf:li><rdf:Description tscIQ:type="MC" tscIQ:id="0"><tscIQ:question>"Câu hỏi nào sau đây sẽ khơi gợi tốt nhất tư duy ở mức độ "phân tích"?"</tscIQ:question><tscIQ:correctAnswer>2</tscIQ:correctAnswer><tscIQ:answerArray><rdf:Seq><rdf:li><rdf:Description tscIQ:orderId="0"><tscIQ:answer>Theo văn bản, các trại lao động ở miền Nam California như thế nào?</tscIQ:answer></rdf:Description></rdf:li><rdf:li><rdf:Description tscIQ:orderId="1"><tscIQ:answer>Esperanza cảm thấy thế nào đối với mẹ của mình?</tscIQ:answer></rdf:Description></rdf:li><rdf:li><rdf:Description tscIQ:orderId="2"><tscIQ:answer>Câu chuyện diễn ra ở đâu?</tscIQ:answer></rdf:Description></rdf:li></rdf:Seq></tscIQ:answerArray><tscIQ:feedback><rdf:Bag><rdf:li><rdf:Description tscIQ:reason="correct"><xmpDM:name><rdf:Alt><rdf:li>Đúng</rdf:li></rdf:Alt></xmpDM:name></rdf:Description></rdf:li><rdf:li><rdf:Description tscIQ:reason="incorrect" tscIQ:jumpToTime="0"><xmpDM:name><rdf:Alt><rdf:li>Sai</rdf:li></rdf:Alt></xmpDM:name></rdf:Description></rdf:li></rdf:Bag></tscIQ:feedback></rdf:Description></rdf:li></rdf:Seq></tscIQ:questions></rdf:Description></rdf:li><rdf:li><rdf:Description xmpDM:startTime="140000" tscIQ:feedback="1" tscIQ:questionSetName="Quiz 2"><tscIQ:questions><rdf:Seq><rdf:li><rdf:Description tscIQ:type="MC" tscIQ:id="1"><tscIQ:question>"Câu hỏi nào sau đây sẽ khơi gợi tốt nhất tư duy ở mức độ "phân tích"?"</tscIQ:question><tscIQ:correctAnswer>2</tscIQ:correctAnswer><tscIQ:answerArray><rdf:Seq><rdf:li><rdf:Description tscIQ:orderId="0"><tscIQ:answer>Theo văn bản, các trại lao động ở miền Nam California như thế nào?</tscIQ:answer></rdf:Description></rdf:li><rdf:li><rdf:Description tscIQ:orderId="1"><tscIQ:answer>Esperanza cảm thấy thế nào đối với mẹ của mình?</tscIQ:answer></rdf:Description></rdf:li><rdf:li><rdf:Description tscIQ:orderId="2"><tscIQ:answer>Câu chuyện diễn ra ở đâu?</tscIQ:answer></rdf:Description></rdf:li></rdf:Seq></tscIQ:answerArray><tscIQ:feedback><rdf:Bag><rdf:li><rdf:Description tscIQ:reason="correct"><xmpDM:name><rdf:Alt><rdf:li>Đúng </rdf:li></rdf:Alt></xmpDM:name></rdf:Description></rdf:li><rdf:li><rdf:Description tscIQ:reason="incorrect" tscIQ:jumpToTime="0"><xmpDM:name><rdf:Alt><rdf:li>Sai</rdf:li></rdf:Alt></xmpDM:name></rdf:Description></rdf:li></rdf:Bag></tscIQ:feedback></rdf:Description></rdf:li></rdf:Seq></tscIQ:questions></rdf:Description></rdf:li><rdf:li><rdf:Description xmpDM:startTime="247933" tscIQ:feedback="1" tscIQ:questionSetName="Quiz 3"><tscIQ:questions><rdf:Seq><rdf:li><rdf:Description tscIQ:type="MC" tscIQ:id="2"><tscIQ:question>Câu hỏi nào sau đây sẽ khơi gợi tư duy ở cấp độ "sáng tạo" nhất?</tscIQ:question><tscIQ:correctAnswer>2</tscIQ:correctAnswer><tscIQ:answerArray><rdf:Seq><rdf:li><rdf:Description tscIQ:orderId="0"><tscIQ:answer>Điều gì quyết định giá trị của một vị trí của Tòa án Tối cao về một vụ án?</tscIQ:answer></rdf:Description></rdf:li><rdf:li><rdf:Description tscIQ:orderId="1"><tscIQ:answer>Làm thế nào để thuyết phục công chúng ủng hộ một vị trí cụ thể trong một vụ án sắp tới của Tòa án Tối cao?</tscIQ:answer></rdf:Description></rdf:li><rdf:li><rdf:Description tscIQ:orderId="2"><tscIQ:answer> Chúng ta có thể suy ra điều gì về Tòa án Tối cao dựa trên các quyết định gần đây của họ?</tscIQ:answer></rdf:Description></rdf:li></rdf:Seq></tscIQ:answerArray><tscIQ:feedback><rdf:Bag><rdf:li><rdf:Description tscIQ:reason="correct"><xmpDM:name><rdf:Alt><rdf:li>Đúng</rdf:li></rdf:Alt></xmpDM:name></rdf:Description></rdf:li><rdf:li><rdf:Description tscIQ:reason="incorrect" tscIQ:jumpToTime="0"><xmpDM:name><rdf:Alt><rdf:li>Sai</rdf:li></rdf:Alt></xmpDM:name></rdf:Description></rdf:li></rdf:Bag></tscIQ:feedback></rdf:Description></rdf:li></rdf:Seq></tscIQ:questions></rdf:Description></rdf:li></rdf:Seq>
                     </xmpDM:markers>
                     <tscIQ:QuizParams><rdf:Bag><rdf:li xmpDM:name="txtPrev" xmpDM:value="Quay lại"/><rdf:li xmpDM:name="txtNext" xmpDM:value="Đi tiếp"/><rdf:li xmpDM:name="txtAnswerQuestion" xmpDM:value="Trả lời câu hỏi"/><rdf:li xmpDM:name="txtSubmit" xmpDM:value="Trả lời"/><rdf:li xmpDM:name="txtReview" xmpDM:value="Xem lại"/><rdf:li xmpDM:name="txtReviewAnswer" xmpDM:value="Xem câu trả lời"/><rdf:li xmpDM:name="txtContinue" xmpDM:value="Tiếp tục"/></rdf:Bag></tscIQ:QuizParams></rdf:Description>
               </rdf:li>
            </rdf:Bag>
         </xmpDM:Tracks>
         <tscDM:controller>
            <rdf:Description xmpDM:name="tscplayer">
               <tscDM:parameters>
                  <rdf:Bag>
                     <rdf:li xmpDM:name="autohide" xmpDM:value="true"/><rdf:li xmpDM:name="autoplay" xmpDM:value="false"/><rdf:li xmpDM:name="loop" xmpDM:value="false"/><rdf:li xmpDM:name="searchable" xmpDM:value="true"/><rdf:li xmpDM:name="captionsenabled" xmpDM:value="false"/><rdf:li xmpDM:name="sidebarenabled" xmpDM:value="false"/><rdf:li xmpDM:name="unicodeenabled" xmpDM:value="false"/><rdf:li xmpDM:name="backgroundcolor" xmpDM:value="000000"/><rdf:li xmpDM:name="sidebarlocation" xmpDM:value="left"/><rdf:li xmpDM:name="endaction" xmpDM:value="stop"/><rdf:li xmpDM:name="endactionparam" xmpDM:value="true"/><rdf:li xmpDM:name="locale" xmpDM:value="en-US"/></rdf:Bag>
               </tscDM:parameters>
               <tscDM:controllerText>
                  <rdf:Bag>
                  </rdf:Bag>
               </tscDM:controllerText>
            </rdf:Description>
         </tscDM:controller>
         <tscDM:contentList>
            <rdf:Description>
               <tscDM:files>
                  <rdf:Seq>
                     <rdf:li xmpDM:name="0" xmpDM:value="module27_4.mp4"/><rdf:li xmpDM:name="1" xmpDM:value="module27_4.zip"/><rdf:li xmpDM:name="2" xmpDM:value="module27_4_First_Frame.png"/></rdf:Seq>
               </tscDM:files>
            </rdf:Description>
         </tscDM:contentList>
      </rdf:Description>
   </rdf:RDF>
</x:xmpmeta>